Siècle;Identifiant;Type voie;Préposition voie;Nom voie;Dénomination complète;Dénomination complète minuscule;Arrondissement;Date de l'arrêté;Date de caducité;Code voie VdP;Quartier;Code voie DGFIP;Longueur voie;Largeur voie;Feuille parcellaire;Début voie;Fin voie;Numéro pair;Numéro impair;Alignement;Servitude;Historique;Dénomination;Classement;Observation;Numérotage;Origine du nom;Déclassement;Nivellement;Assainissement;Ouverture
;6402;voie;;C/5;VOIE C/5;voie C/5;05e;;1994-12-27;;Jardin des Plantes;;;;;;;;;;;Dénommée passage Jaillot par arrêté municipal du 27 décembre 1994.;;;;;;;;;
;5252;;;Grand Préau;GRAND PREAU;Grand Préau;05e;;1967-12-31;;Saint-Victor;;;;;;;;;;;Supprimé en 1967 lors de la construction de la Faculté des Sciences de la Halle aux vins.;;;;;;;;;
;642;rue;de;Versailles;RUE DE VERSAILLES;rue de Versailles;05e;;1864-08-24;;Saint-Victor;;;;;;;;;;;Dénommée rue Fresnel (supprimée) par décret impérial du 24 août 1864.;;;;;;;;;
;3411;rue;;Neuve Saint-Étienne Saint-Marcel;RUE NEUVE SAINT-ETIENNE SAINT-MARCEL;rue Neuve Saint-Étienne Saint-Marcel;05e;;;;Saint-Victor;;;;;;;;;;;Ou Neuve Saint-Etienne du Mont. Voir : Neuve Saint-Etienne du Mont (rue). Actuellement rue Rollin et rue de Navarre.;;;Dite aussi rue Neuve Saint-Étienne ou rue Neuve Saint-Étienne du Mont.;;;;;;
;5048;impasse;;Hautefort;IMPASSE HAUTEFORT;impasse Hautefort;05e;;;;Val-de-Grâce;;;;;;;;;;;Supprimée par l'ouverture du boul. de Port-Royal. Elle était située rue des Bourguignons (Supprimé.).;;;;;;;;;
;8522;rue;des;Anglaises;RUE DES ANGLAISES;rue des Anglaises;05e;;;;Saint-Victor;;;;;;;;;;;Voir : Alfred Cornu (rue).;;;;;;;;;
;7411;impasse;des;Carmélites;IMPASSE DES CARMELITES;impasse des Carmélites;05e;;;;Val-de-Grâce;;;;;rue Saint-Jacques, 284.;;;;;;Supprimé. Elle était située rue Saint-Jacques, 284. Elle provenait du passage des Carmélites (supprimé) qui débouchait rue d'Enfer (Actuellement rue Henri Barbusse).;;;;;;;;;
;5628;rue;des;Fossés;RUE DES FOSSES;rue des Fossés;05e;;;;Saint-Victor;;;;;;;;;;;Actuellement rue des Fossés Saint-Bernard.;;;;;;;;;
;5624;rue;des;Fossés de l'Estrapade;RUE DES FOSSES DE L'ESTRAPADE;rue des Fossés de l'Estrapade;05e;;;;Sorbonne, Val-de-Grâce;;;;;;;;;;;Actuellement rue de l'Estrapade.;;;;;;;;;
;7786;cour ou rue;aux;Boeufs;COUR OU RUE AUX BOEUFS;cour ou rue aux Boeufs;05e;;;;Sorbonne;;;;;;;;;;;Actuellement impasse des Boeufs.;;;;;;;;;
;15469;quai;;Saint-Michel;QUAI SAINT-MICHEL;quai Saint-Michel;05e;;1928-06-18;;Sorbonne;;157;17;91C2;place du Petit Pont, 2, et Petit Pont.;place Saint-Michel, et pont Saint-Michel.;;29;Non retenus au POS et non repris au PLU : Ordonnance du 11 août 1844, côté impair.;;Dénommé quai René Viviani par arrêté préfectoral du 18 juin 1928. On avait successivement envisagé de lui donner le nom de quai Bignon (lettres patentes du 22 avril 1769), puis celui de quai de Montebello (déc. du 25 mars 1811), mais il fut en fait dénommé quai Saint-Michel lors de son ouverture.;;;;;Voisinage du pont Saint-Michel.;;;;Un arrêt du Conseil du 25 avril 1767 et des lettres patentes du 31 juillet 1767 ordonnèrent son ouverture, mais sans résultat. Les travaux ne furent repris qu'en 1812, à la suite d'un décret du 25 mars 1811. Le quai fut livré à la circulation en 1816.
21;14913;place;;Maurice Audin;PLACE MAURICE AUDIN;place Maurice Audin;05e;2003-12-01;2022-10-13;;Saint-Victor;;38;5;91D3;intersection de la rue des Écoles, rue Saint-Victor, et rue de Poissy.;;2;;;;Dénommée place Josette et Maurice Audin par délibération municipale des 11, 12 et 13 octobre 2022.;Arrêté municipal du 1er décembre 2003.;;;;Maurice Audin (Beja (Tunisie), 1932-Alger, 1957), mathématicien et militant communiste disparu en Algérie durant la guerre.;;;;
;1371;rue;;Sainte-Geneviève la Grant;RUE SAINTE-GENEVIEVE LA GRANT;rue Sainte-Geneviève la Grant;05e;;;;Saint-Victor, Sorbonne;;;;;;;;;;;Actuellement rue de la Montagne Sainte-Geneviève.;;;;;;;;;
;1705;rue;;Saint-Hilaire;RUE SAINT-HILAIRE;rue Saint-Hilaire;05e;;;;Sorbonne;;;;;;;;;;;Actuellement rue de Lanneau.;;;;;;;;;
;2185;rue;du;Renard;RUE DU RENARD;rue du Renard;05e;;;;Sorbonne;;;;;;;;;;;Actuellement rue du Chat qui Pêche.;;;;;;;;;
;6602;cul-de-sac;des;Corderies;CUL-DE-SAC DES CORDERIES;cul-de-sac des Corderies;05e;;;;Val-de-Grâce;;;;;;;;;;;Supprimé. Il était situé rue Lhomond presque en face de la rue des Irlandais. Il avait porté les noms de rue Saint-Séverin, des Poteries, des Poteries Saint-Séverin, des Vignes, de la Corne. En 1693, il fut nommé cul-de-sac Coupe Gorge et ensuite des Corderies.;;;;;;;;;
;4821;rue;;Jacinthe;RUE JACINTHE;rue Jacinthe;05e;;1887-08-19;;Sorbonne;;;;;rue des Trois Portes, 11.;rue Galande, 20;;;;;Supprimée par l'ouverture de la rue Lagrange. Au XIVe siècle, c'était une ruelle nommée Augustin dite des Trois Portes. On la confondait alors avec la rue des Trois Portes.;;;;;;;;;
;6790;rue;du;Clos des Poteries;RUE DU CLOS DES POTERIES;rue du Clos des Poteries;05e;;;;Val-de-Grâce;;;;;;;;;;;Actuellement partie de la rue Rataud.;;;;;;;;;
;6250;rue;des;Deux Portes;RUE DES DEUX PORTES;rue des Deux Portes;05e;;;;Sorbonne;;;;;;;;;;;"Dénommée d'abord, au XIIIe siècle, rue des Portes et des Deux Portes, puis rue Sorbonne (vers 1281) ; Guillot, en 1300, l'appelle rue aux Hoirs de Sabonnes. En 1792, elle reçut le nom de rue Catinat ; en 1802, elle reprit celui de rue de la Sorbonne. Actuellement rue de la Sorbonne.";;;;;;;;;
;6908;rue;des;Cholets;RUE DES CHOLETS;rue des Cholets;05e;;1845-09-05;;Sorbonne;;;;;;;;;;;Supprimée par une ordonnance royale du 5 septembre 1845. Elle commençait de la rue de Reims (Supprimé.) et finissait rue Saint-Etienne des Grés (Actuellement rue Cujas). Anciennement rue Saint-Symphorien des Vignes ou simplement Saint-Symphorien. Elle aurait aussi porté le nom de Jean le Maître. Boisseau la nomme rue des Vignes. Au XVIIe siècle, petite rue Sainte-Barbe. Elle a emprunté son dernier nom au collège des Cholets, qui y était bâti.;;;;;;;;;
;956;rue;de la;Tournelle;RUE DE LA TOURNELLE;rue de la Tournelle;05e;;;;Saint-Victor;;;;;;;;;;;Supprimé. Elle était située entre les rues de Bièvre et de Pontoise. Elle a été réunie au quai de la Tournelle par la démolition des maisons qui existaient du côté de la rivière.;;;;;;;;;
;4146;place;du;Marché aux Veaux;PLACE DU MARCHE AUX VEAUX;place du Marché aux Veaux;05e;;;;Saint-Victor;;;;;;;;;;;Voir : Halle aux Veaux (place de la). La partie située au nord de cette place a formé la rue Cochin.;;;;;;;;;
;3634;rue;du;Mûrier;RUE DU MURIER;rue du Mûrier;05e;;;;Saint-Victor;;;;;;;;;;;Supprimée par l'ouverture de la rue des Ecoles. Elle commençait rue Saint-Victor et finissait rue Traversine (Supprimé.). En 1243, on la nommait Pavée. Vers 1300, rue Pavée Goire. Au milieu du XIIIe siècle, rue du Mûrier. On l'aurait aussi nommée rue Pavée d'Andouilles.;;;;;;;;;
;15497;pont;du;Boulevard Saint-Germain;PONT DU BOULEVARD SAINT-GERMAIN;pont du Boulevard Saint-Germain;04e, 05e;;;;Arsenal, Notre-Dame, Saint-Victor;;;;;;;;;;;Dénommé pont de Sully;;;;;;;;;Décret présidentiel du 25 juillet 1873
;1169;impasse;des;Soeurs;IMPASSE DES SOEURS;impasse des Soeurs;05e;;;;Jardin des Plantes;;;;;;;;;;;Supprimée par l'ouverture du boulevard Saint-Marcel. Elle était située rue des Francs Bourgeois Saint-Marcel (Supprimé.).;;;;;;;;;
;4296;rue;des;Maçons Sorbonne;RUE DES MACONS SORBONNE;rue des Maçons Sorbonne;05e;;1867-02-27;;Sorbonne;;;;;;;;;;;Dénommée rue Champollion par décret impérial du 27 février 1867.;;;;;;;;;
;6645;rue;;Copeau;RUE COPEAU;rue Copeau;05e;;1853-12-02;;Jardin des Plantes, Saint-Victor;;;;;;;;;;;Dénommée rue Lacépède par décret impérial du 2 décembre 1853.;;;;;;;;;
;2303;rue;de;Quatrefages Prolongée;RUE DE QUATREFAGES PROLONGEE;rue de Quatrefages Prolongée;05e;;1932-07-29;;Jardin des Plantes;;;;;;;;;;;Dénommée rue Georges Desplas par arrêté préfectoral du 29 juillet 1932.;;;;;;;;;
;2634;rue;des;Poirées;RUE DES POIREES;rue des Poirées;05e;;1864-08-24;;Sorbonne;;;;;;;;;;;"Dénommée rue Gerson (supprimée) et rue Restaut (supprimée) par décret impérial du 24 août 1864. 
Supprimée par l'agrandissement de la Sorbonne. Elle allait de la rue Saint-Jacques à la rue Neuve des Poirées. En 1236, rue Thomas d'Argenteuil. En 1254, rue Guillaume d'Argenteuil. En 1443, le peuple lui donne le nom de rue aux Ecoliers de Rethel, à cause du collège de Rethel qui y était établi. En 1824, elle a été prolongée jusqu'à la place de la Sorbonne. En 1839, elle a été confondue avec la place du Lycée Louis le Grand (Supprimé.). En 1864, elle a été nommée rue et place Gerson. Sur le plan de l'Abbé Delagrive, elle est nommée rue Grenouiller ou Grenouillière.";;;;;;;;;
;3098;rue;de;Paradis;RUE DE PARADIS;rue de Paradis;05e;;;;Val-de-Grâce;;;;;;;;;;;Supprimée. Elle aboutissait rue Saint-Jacques et régnait le long du passage qui conduisait au couvent des Ursulines. Elle a porté les noms de Notre-Dame des Champs, de Jean le Riche, de Neuve Jean le Riche, de ruelle des Poteries, de ruelle de Saint-Séverin, de rue du Petit Paradis.;;;;;;;;;
;4341;rue;de;Lourcine;RUE DE LOURCINE;rue de Lourcine;05e, 13e;;1890-04-18;;Croulebarbe, Val-de-Grâce;;980;12;;rue Mouffetard, 142;rue de la Santé, 61;156;155;Ordonnance royale du 19 juillet 1840. Antérieurement décision ministérielle du 6 pluviôse an IX.;;Dénommée rue Broca par arrêté préfectoral du 18 avril 1890. Actuellement rues Edouard Quénu, Broca et Léon-Maurice Nordmann.;;;Dite aussi rue Lorcines ou encore Loursine.;;Ouverte au XIIe siècle sur le territoire de Laorcine.;;Arrêté préfectoral du 23 janvier 1872.;;
;5191;rue;des;Grès;RUE DES GRES;rue des Grès;05e;;1865-10-02;;Sorbonne;;;;;;;;;;;Dénommée partie de la rue Cujas par décret impérial du 2 octobre 1865.;;;;;;;;;
;3606;voie;;M/5;VOIE M/5;voie M/5;05e;;1985-11-18;;Jardin des Plantes;;;;;;;;;;;Dénommée place Bernard Halpern par arrêté municipal du 18 novembre 1985.;;;;;;;;;
;6775;rue;de;Cluny;RUE DE CLUNY;rue de Cluny;05e;;1864-08-24;;Sorbonne;;;;;;;;;;;Dénommée rue Victor Cousin par décret impérial du 24 août 1864.;;;;;;;;;
;6793;rue;du;Clos Bruneau dite Jean de Beauvais;RUE DU CLOS BRUNEAU DITE JEAN DE BEAUVAIS;rue du Clos Bruneau dite Jean de Beauvais;05e;;;;Sorbonne;;;;;;;;;;;Actuellement rue Jean de Beauvais.;;;;;;;;;
;3204;rue;d';Orléans Saint-Marcel;RUE D'ORLEANS SAINT-MARCEL;rue d'Orléans Saint-Marcel;05e;;1864-08-24;;Jardin des Plantes;;;;;;;;;;;Dénommée rue Daubenton par décret impérial du 24 août 1864.;;;;;;;;;
;7410;passage;des;Carmélites;PASSAGE DES CARMELITES;passage des Carmélites;05e;;;;Val-de-Grâce;;;;;;;;;;;Voir : Carmélites (imp. des).;;;;;;;;;
;7734;rue;de;Bordeaux;RUE DE BORDEAUX;rue de Bordeaux;05e;;;;Saint-Victor;;185;21,5;;au grand préau.;rue de la Côte d'Or;;;;;Supprimée en 1967 lors de la construction de la Faculté des Sciences de la Halle aux Vins.;;;Voie située dans la Halle aux vins.;;Préfecture du département de la Gironde, centre d'un grand commerce de vin.;;;;
;1207;rue;du;Sentier;RUE DU SENTIER;rue du Sentier;05e;;;;Jardin des Plantes;;;;;;;;;;;Actuellement rue Censier.;;;;;;;;;
;1546;rue;;Saint-Michel;RUE SAINT-MICHEL;rue Saint-Michel;05e;;;;Saint-Victor;;;;;;;;;;;Actuellement rue Maître Albert.;;;;;;;;;
;1756;rue;;Saint-Étienne des Grès;RUE SAINT-ETIENNE DES GRES;rue Saint-Étienne des Grès;05e;;1865-10-02;;Sorbonne;;;;;;;;;;;Dénommée partie de la rue Cujas par décret impérial du 2 octobre 1865.;;;;;;;;;
;2545;rue;de;Port-Royal;RUE DE PORT-ROYAL;rue de Port-Royal;05e, 14e;;;;Montparnasse, Val-de-Grâce;;;;;;;;;;;Supprimée par l'ouverture du boulevard de Port-Royal. Elle commençait rue Saint-Jacques et finissait rue Denfert-Rochereau (Actuellement rue Henri Barbusse). On l'a nommée de la Boue, de la Bourde et de la Bourbe.;;;;;Voisinage de l'ancien monastère de Port-Royal.;;;;
;4152;rue;du;Marché aux Chevaux;RUE DU MARCHE AUX CHEVAUX;rue du Marché aux Chevaux;05e, 13e;;1868-04-02;;Jardin des Plantes, Salpêtrière;;;;;;;;;;;Dénommée partie de la rue Geoffroy-Saint-Hilaire par arrêté préfectoral du 2 avril 1868. Le tronçon entre le boulevard de l'Hôpital et le boulevard Saint-Marcel a été dénommé rue Duméril par décret impérial du 2 octobre 1865.;;;;;;;;;
;3412;rue;;Neuve Saint-Étienne du Mont;RUE NEUVE SAINT-ETIENNE DU MONT;rue Neuve Saint-Étienne du Mont;05e;;1867-02-27;;Saint-Victor;;;;;;;;;;;Dénommée rue Rollin par décret impérial du 27 février 1867. Actuellement rue Rollin et rue de Navarre.;;;Dite aussi rue Neuve Saint-Etienne-Saint-Marcel ou rue Neuve Saint-Étienne.;;;;;;
;5769;impasse;des;Feuillantines;IMPASSE DES FEUILLANTINES;impasse des Feuillantines;05e;;1864-08-19;;Val-de-Grâce;;;;;;;;;;;Dénommée partie de la rue des Feuillantines par arrêté préfectoral du 19 août 1864.;;;;;;;;;
;8573;rue;des;Amandiers Sainte-Geneviève;RUE DES AMANDIERS SAINTE-GENEVIEVE;rue des Amandiers Sainte-Geneviève;05e;;1864-08-24;;Sorbonne;;;;;;;;;;;Dénommée rue Laplace par décret impérial du 24 août 1864.;;;;;;;;;
20;8611;rue;;Alfred Cornu;RUE ALFRED CORNU;rue Alfred Cornu;05e;1928-03-26;1957-11-20;;Saint-Victor;;48;10;;rue du Cardinal Lemoine, 50.;rue d'Arras, 29;6;;Ordonnance royale du 2 décembre 1829. Ordonnance royale du 27 octobre 1845, débouché sur la rue d'Arras.;;"Supprimée en 1957. Au XIIIe siècle, elle s'appelait rue Clopin ; au XVIe siècle, rue du Champ Gaillard ou du Chemin Gaillard ; au XVIIe siècle, rue des Anglais. Une partie en a été supprimée par décret du 7 février 1809, réunissant les collèges de Boncourt et de Navarre affectés à l'École Polytechnique.  Une ordonnance royale du 27 octobre 1845 a réuni à l'école Polytechnique une partie de la rue formant impasse.";Arrêté préfectoral du 26 mars 1928.;;;;Alfred Cornu (1841-1902), physicien, président de l'Académie des Sciences.;Arrêté préfectoral du 20 novembre 1957.;;;
;1409;rue;;Sainte-Catherine d'Enfer;RUE SAINTE-CATHERINE D'ENFER;rue Sainte-Catherine d'Enfer;05e;;1880-11-29;;Sorbonne, Val-de-Grâce;;;;;;;;;;;Dénommée rue Le Goff par décret présidentiel du 29 novembre 1880.;;;;;;;;;
19;2156;rue;;Restaut;RUE RESTAUT;rue Restaut;05e;1864-08-24;1882-02-16;;Sorbonne;;;;;place Gerson (supprimée).;rue des Cordiers (supprimée);;;;;Supprimée par l'agrandissement de la Sorbonne en 1882.;Décret impérial du 24 août 1864. Précédemment partie de la rue des Poirées;;;;;;;;
;2345;rue;du;Puits Certain;RUE DU PUITS CERTAIN;rue du Puits Certain;05e;;;;Sorbonne;;;;;;;;;;;Actuellement rue de Lanneau.;;;;;;;;;
;7161;rue;des;Charbonniers Saint-Marcel;RUE DES CHARBONNIERS SAINT-MARCEL;rue des Charbonniers Saint-Marcel;05e;;;;Val-de-Grâce;;;;;;;;;;;Absorbée par le boulevard de Port-Royal. Elle prolongeait la rue de l'Arbalète et aboutissait à la rue des Bourguignons. Dès 1540, c'était le Chemin des Charbonniers. Sur le plan de Jouvin de Rochefort, rue du Charbonnier.;;;Dite aussi rue du Charbonnier;;;;;;
20;3;place;;P/5;PLACE P/5;place P/5;05e;1995-01-01;2018-03-22;;Val-de-Grâce;;18;9;111A4;rues Rataud et Pierre Brossolette.;;;;;;Dénommée place Hubert Curien par délibération municipale des 20, 21 et 22 mars 2018.;;;;;;;;;
;645;cul-de-sac;de;Versailles;CUL-DE-SAC DE VERSAILLES;cul-de-sac de Versailles;05e;;;;Saint-Victor;;;;;;;;;;;Supprimé par l'ouverture de la rue Monge. Il était situé rue Traversine (Supprimé.), dans le prolongement de la rue Fresnel (Supprimée).;;;;;;;;;
;918;rue;;Traversière;RUE TRAVERSIERE;rue Traversière;05e;;;;Saint-Victor;;;;;;;;;;;Voir : Traversine (rue), Supprimée par l'ouverture de la rue des Ecoles.;;;;;;;;;
;3459;rue;;Neuve des Poirées;RUE NEUVE DES POIREES;rue Neuve des Poirées;05e;;1864-08-24;;Sorbonne;;;;;;;;;;;Dénommée rue Toullier par décret impérial du 24 août 1864.;;;;;;;;;
;3468;rue;;Neuve des Fossés Saint-Bernard;RUE NEUVE DES FOSSES SAINT-BERNARD;rue Neuve des Fossés Saint-Bernard;05e;;;;Saint-Victor;;;;;;;;;;;Actuellement rue des Fossés Saint-Bernard.;;;;;;;;;
;4798;rue;du;Jardin du Roi;RUE DU JARDIN DU ROI;rue du Jardin du Roi;05e;;;;Jardin des Plantes;;;;;;;;;;;Actuellement partie de la rue Geoffroy-Saint-Hilaire.;;;;;;;;;
;6814;place;du;Cloître Saint-Benoît;PLACE DU CLOITRE SAINT-BENOIT;place du Cloître Saint-Benoît;05e;;;;Sorbonne;;;;;;;;;;;Supprimée par l'ouverture de la rue des Ecoles. Elle était située à côté de l'église Saint-Benoît entre la rue du Cloître et la rue Saint-Jacques.;;;;;;;;;
;8092;rue;du;Battoir;RUE DU BATTOIR;rue du Battoir;05e;;1893-12-26;;Jardin des Plantes;;;;;;;;;;;Dénommée rue de Quatrefages par arrêté préfectoral du 26 décembre 1893.;;;Dite aussi rue du Battoir Saint-Victor;;;;;;
;15448;voie;;projetée;VOIE PROJETEE;voie projetée;05e;;;;Jardin des Plantes;;;;;rue Lacépède, 45.;rue Ortolan, 14;;;;;Voie projetée par arrêté préfectoral du 22 février 1937, non réalisée;;;;;;;;;
;2472;rue;des;Poteries Saint-Séverin;RUE DES POTERIES SAINT-SEVERIN;rue des Poteries Saint-Séverin;05e;;;;Val-de-Grâce;;;;;;;;;;;Supprimée. Il était situé rue Lhomond presque en face de la rue des Irlandais. Il avait porté les noms de rue Saint-Séverin, des Poteries, des Poteries Saint-Séverin, des Vignes, de la Corne. En 1693, il fut nommé cul-de-sac Coupe Gorge et ensuite des Corderies.;;;;;;;;;
;2351;rue;du;Puits;RUE DU PUITS;rue du Puits;05e;;;;Saint-Victor;;;;;;;;;;;Actuellement rue d'Arras.;;;;;;;;;
19;6314;rue;;Denfert-Rochereau;RUE DENFERT-ROCHEREAU;rue Denfert-Rochereau;05e, 14e;1878-07-30;1946-06-08;;Montparnasse, Val-de-Grâce;;;;;;;;;;;Dénommée avenue Denfert-Rochereau et rue Henri Barbusse par arrêté préfectoral du 8 juin 1946.;Décret présidentiel du 30 juillet 1878.;;;;Pierre Marie Philippe Aristide Denfert-Rochereau (1823-1878), colonel du génie, défenseur de Belfort.;;;;
;7760;impasse;du;Bon Puits;IMPASSE DU BON PUITS;impasse du Bon Puits;05e;;;;Saint-Victor;;;;;;;;;;;Supprimé. Elle était située rue Traversine en face de la rue du Bon Puits. Elle avait porté, comme la rue du Bon Puits, le nom de la Fortune.;;;;;;;;;
;1413;cul-de-sac;;Sainte-Catherine;CUL-DE-SAC SAINTE-CATHERINE;cul-de-sac Sainte-Catherine;05e;;;;Val-de-Grâce;;;;;;;;;;;Actuellement impasse Royer-Collard.;;;;;;;;;
;2208;rue;de;Reims;RUE DE REIMS;rue de Reims;05e;;1880-07-26;;Sorbonne;;;;;;;;;;;Supprimée par un décret du 26 juillet 1880. Elle commençait rue Valette et finissait rue des Cholets (Supprimé.). Son plus ancien nom (1200) est rue au Duc de Bourgoingne (Bourgogne). Le sol de la voie a été cédé gratuitement aux collèges Louis le Grand et Sainte-Barbe, entre les rues des Cholets et Charretière.;;;;;;;;;
19;3141;rue;;Paillet;RUE PAILLET;rue Paillet;05e;1864-08-24;;;Sorbonne, Val-de-Grâce;;;;;;;;;;;Actuellement partie de la rue Malebranche.;Décret impérial du 24 août 1864. Précédemment rue Saint-Hyacinthe Saint-Michel;;;;;;;;
;492;rue;;Villeneuve Saint-René;RUE VILLENEUVE SAINT-RENE;rue Villeneuve Saint-René;05e;;;;Jardin des Plantes;;;;;;;;;;;Actuellement rue du Puits de l'Ermite et partie de la rue Pestalozzi.;;;;;;;;;
;572;rue;;Vieille Notre-Dame;RUE VIEILLE NOTRE-DAME;rue Vieille Notre-Dame;05e;;1868-04-02;;Jardin des Plantes;;;;;;;;;;;Dénommée partie de la rue de la Clef par arrêté préfectoral du 2 avril 1868.;;;;;;;;;
;3285;voie;;N/5;VOIE N/5;voie N/5;05e;;1995-07-18;;Saint-Victor;;;;;;;;;;;Dénommée rue Jacques-Henri Lartigue par arrêté municipal du 18 juillet 1995.;;;;;;;;;
;3356;impasse;;Nicole;IMPASSE NICOLE;impasse Nicole;05e;;1907-06-24;;Val-de-Grâce;;;;;;;;;;;Actuellement rue Fustel de Coulanges.;;;;;"Pierre Nicole (1625-1695), théologien de Port-Royal français ; voisinage de l'ancienne communauté de Port-Royal.";;;;
;5038;rue;des;Hauts Fossés Saint-Marcel;RUE DES HAUTS FOSSES SAINT-MARCEL;rue des Hauts Fossés Saint-Marcel;05e, 13e;;;;Jardin des Plantes, Salpêtrière;;;;;;;;;;;Actuellement rues Le Brun et des Fossés Saint-Marcel.;;;;;;;;;
;7545;rue;;Brunel;RUE BRUNEL;rue Brunel;05e;;;;Sorbonne;;;;;;;;;;;"Précédemment rue Saint-Hilaire. Percée vers 1185 dans le clos Bruneau, elle en porta d'abord le nom ; elle fut appelée rue Saint-Hilaire dès le XIIIe siècle ; on l'a aussi désignée sous les noms de rue Fromentel, rue du Mont Saint-Hilaire, rue du Puits Certain.";;;;;;;;;
;7729;rue;;Bordet;RUE BORDET;rue Bordet;05e;;1809-02-07;;Saint-Victor;;;;;;;;;;;Dénommée rue Descartes par décret impérial du 7 février 1809.;;;Dite aussi rue Bordelle.;;;;;;
;2473;ruelle;des;Poteries;RUELLE DES POTERIES;ruelle des Poteries;05e;;;;Val-de-Grâce;;;;;;;;;;;Supprimée. Elle aboutissait rue Saint-Jacques et régnait le long du passage qui conduisait au couvent des Ursulines. Elle a porté les noms de Notre-Dame des Champs, de Jean le Riche, de Neuve Jean le Riche, de ruelle des Poteries, de ruelle de Saint-Séverin, de rue du Petit Paradis.;;;;;;;;;
;2411;ruelle;des;Prêtres;RUELLE DES PRETRES;ruelle des Prêtres;05e;;;;Val-de-Grâce;;;;;;;;;;;Actuellement rue du Pot de Fer.;;;;;;;;;
;6594;rue;des;Cordiers;RUE DES CORDIERS;rue des Cordiers;05e;;;;Sorbonne;;;;;;;;;;;"Supprimée pour l'agrandissement et l'isolement de la Sorbonne. Commençait rue Saint-Jacques ; finissait rue de Cluny (Actuellement rue Victor Cousin).";;;;;;;;;
;6644;rue;;Copeau;RUE COPEAU;rue Copeau;05e;;;;Jardin des Plantes;;;;;;;;;;;Ou Coipeaux ou encore Coupeau. Voir : Coipeaux (rue).;;;;;;;;;
;5499;rue;;Fromentel;RUE FROMENTEL;rue Fromentel;05e;;;;Sorbonne;;;;;;;;;;;"Supprimée. Commençait rue Chartière (Actuellement impasse Chartière) et rue Saint-Hilaire (Actuellement rue de Lanneau) ; finissait à l'ancienne rue du Cimetière Saint-Benoît.";;;;;;;;;
;4290;cul-de-sac;de la;Madeleine;CUL-DE-SAC DE LA MADELEINE;cul-de-sac de la Madeleine;05e;;;;Val-de-Grâce;;;;;;;;;;;Actuellement impasse Royer-Collard.;;;;;;;;;
;4515;rue;des;Laonnais;RUE DES LAONNAIS;rue des Laonnais;05e;;;;Val-de-Grâce;;;;;;;;;;;Actuellement rue des Lyonnais.;;;;;;;;;
;8567;rue;d';Amboise;RUE D'AMBOISE;rue d'Amboise;05e;;;;Saint-Victor, Sorbonne;;;;;;;;;;;Actuellement rue Frédéric Sauton.;;;;;;;;;
;8568;impasse;d';Amboise;IMPASSE D'AMBOISE;impasse d'Amboise;05e;;1867-02-26;;Saint-Victor;;;;;;;;;;;Dénommée impasse Maubert par arrêté préfectoral du 26 février 1867.;;;;;;;;;
;7731;rue;;Bordelle;RUE BORDELLE;rue Bordelle;05e;;;;Saint-Victor;;;;;;;;;;;Ou Bordet. Actuellement rue Descartes.;;;;;;;;;
;834;ruelle;des;Trois Portes;RUELLE DES TROIS PORTES;ruelle des Trois Portes;05e;;;;Sorbonne;;;;;;;;;;;Actuellement rue des Trois Portes.;;;;;;;;;
;2488;rue;des;Postes;RUE DES POSTES;rue des Postes;05e;;1867-02-27;;Val-de-Grâce;;;;;;;;;;;Dénommée rue Lhomond par décret impérial du 27 février 1867. Actuellement rue Lhomond et partie de la place Lucien Herr.;;;;;;;;;
;7163;rue;du;Charbonnier;RUE DU CHARBONNIER;rue du Charbonnier;05e;;;;Val-de-Grâce;;;;;;;;;;;Absorbée par le boulevard de Port-Royal. Elle prolongeait la rue de l'Arbalète et aboutissait à la rue des Bourguignons. Dès 1540, c'était le Chemin des Charbonniers. Sur le plan de Jouvin de Rochefort, rue du Charbonnier.;;;Dite aussi rue des Charbonniers Saint-Marcel.;;;;;;
;528;impasse;des;Vignes;IMPASSE DES VIGNES;impasse des Vignes;05e;;1877-02-01;;Val-de-Grâce;;;;;;;;;;;Dénommée partie de la rue Rataud par arrêté préfectoral du 1er février 1877.;;;;;;;;;
;580;rue;de la;Vieille Estrapade;RUE DE LA VIEILLE ESTRAPADE;rue de la Vieille Estrapade;05e;;1881-01-24;;Sorbonne, Val-de-Grâce;;;;;;;;;;;Dénommée rue de l'Estrapade par arrêté préfectoral du 24 janvier 1881.;;;;;;;;;
;6743;place;du;Collège Louis le Grand;PLACE DU COLLEGE LOUIS LE GRAND;place du Collège Louis le Grand;05e;;1864-08-24;;Sorbonne;;;;;;;;;;;Dénommée place Gerson par décret impérial du 24 août 1864.;;;;;;;;;
;6909;passage;des;Cholets;PASSAGE DES CHOLETS;passage des Cholets;05e;;;;Sorbonne;;;;;;;;;;;Supprimé. Il conduisait de la rue Saint-Jacques à la rue des Cholets (supprimée).;;;;;;;;;
;7904;rue;;Berthe;RUE BERTHE;rue Berthe;05e;;;;Sorbonne;;;;;;;;;;;Actuellement partie de la rue Xavier Privas.;;;;;;;;;
;8404;rue;d';Arras;RUE D'ARRAS;rue d'Arras;05e;;;;Sorbonne;;;;;;;;;;;Actuellement partie de la rue de l'Hôtel Colbert.;;;;;;;;;
;2751;rue;;Pierre Curie;RUE PIERRE CURIE;rue Pierre Curie;05e;;1967-09-08;;Val-de-Grâce;;;;;;;;;;;Dénommée rue Pierre et Marie Curie par arrêté du 8 septembre 1967.;;;;Arrêté préfectoral du 28 février 1931;"Pierre Curie (1859-1906) physicien français, découvrit le radium avec sa femme ; voisinage de l'Institut du Radium.";;;;
;6807;impasse;;Clopin;IMPASSE CLOPIN;impasse Clopin;05e;;1907-12-03;;Saint-Victor;;;6;;rue Descartes, 19.;;;;Ordonnance royale du 2 décembre 1829;;Impasse formée par la suppression d'une partie de la rue Clopin (décret du 7 février 1809). La partie restante a été supprimée par décret présidentiel du 3 décembre 1907.;;;;;Doit son nom à une maison dite Maison Clopin (XIIIe siècle).;Décret présidentiel du 3 décembre 1907.;;;
;6876;rue;du;Cimetière Saint-Benoît;RUE DU CIMETIERE SAINT-BENOIT;rue du Cimetière Saint-Benoît;05e;;1908-07-10;;Sorbonne;;;;;;;;;;;Supprimée. La rue du Cimetière Saint-Benoît s'étendit tout d'abord de la rue Chartière (Actuellement imp. Chartière) à la rue Saint-Jacques, 109. Raccourcie, elle s'arrêta ensuite à la rue Fromentel puis à la place du même nom. Vers 1300, c'était la rue de l'Oseraie, la rue Breneuse (1532) puis la rue des Poirées. La rue du Cimetière Saint-Benoist actuelle qui a été ouverte en remplacement de l'ancienne, conformément à un projet de convention entre l'Etat et la Ville de Paris, en date du 25 janvier 1883, relatif à l'agrandissement du Collège de France, occupe une assiette différente.;;;;;;;;;
;3630;rue;du;Mûrier dite des Poules;RUE DU MURIER DITE DES POULES;rue du Mûrier dite des Poules;05e;;;;Val-de-Grâce;;;;;;;;;;;Actuellement rue Laromiguière.;;;;;;;;;
;7757;rue;du;Bon Puits dite du Pot de Fer;RUE DU BON PUITS DITE DU POT DE FER;rue du Bon Puits dite du Pot de Fer;05e;;;;Val-de-Grâce;;;;;;;;;;;Actuellement rue du Pot de Fer.;;;;;;;;;
;5693;rue;de la;Fontaine;RUE DE LA FONTAINE;rue de la Fontaine;05e;;1867-02-26;;Jardin des Plantes;;;;;;;;;;;Dénommée rue de la Pitié par arrêté préfectoral du 26 février 1867. Actuellement partie de la rue Larrey;;;;;;;;;
19;5382;place;du;Général Valhubert;PLACE DU GENERAL VALHUBERT;place du Général Valhubert;05e, 13e;1806-02-14;;;Jardin des Plantes, Salpêtrière;;;;;;;;;;;Actuellement place Valhubert.;Décret du 14 février 1806;;;;"Jean Marie Mellon Roger, dit Valhubert (1764-1805), général de division, tué à la bataille d'Austerlitz ; voisinage du pont d'Austerlitz.";;;;
;4297;rue;de;Mâcon;RUE DE MACON;rue de Mâcon;05e, 06e;;;;Monnaie, Sorbonne;;;;;;;;;;;Supprimée par l'ouverture du boulevard Saint-Michel. Une partie a été englobée par la rue Saint-Séverin. Elle commençait rue Saint-André des Arts et finissait rue de la Vieille Bouclerie (Actuellement partie de la rue de la Harpe). En 1300, rue de la Grande Bouclerie (Guillot). En 1523, Vieille Bouclerie, autrement dite Mâcon.;;;;;;;;;
;4521;rue;du;Languedoc;RUE DU LANGUEDOC;rue du Languedoc;05e;;;;Saint-Victor;;185;21,5;;au Grand Préau.;rue de la Côte d'Or;;;;;Supprimée en 1967 lors de la construction de la Faculté des sciences de la Halle aux vins.;;;;;Ancienne province française, région vinicole;;;;
17;2457;rue;des;Poules;RUE DES POULES;rue des Poules;05e;1635-01-01;1867-02-27;;Val-de-Grâce;;;;;;;;;;;Dénommée rue Laromiguière par décret impérial du 27 février 1867.;;;;;;;;;
;2669;rue;du;Plâtre;RUE DU PLATRE;rue du Plâtre;05e;;1864-08-24;;Sorbonne;;;;;;;;;;;Dénommée rue Domat par décret impérial du 24 août 1864.;;;Dite aussi rue du Plâtre Saint-Jacques ou encore rue de la Plâtrerie.;;;;;;
;3802;rue;de;Montauban;RUE DE MONTAUBAN;rue de Montauban;05e;;;;Saint-Victor;;;;;;;;;;;Actuellement partie de la rue de Navarre.;;;;;;;;;
;6274;rue;des;Deux Églises;RUE DES DEUX EGLISES;rue des Deux Églises;05e;;1846-11-04;;Val-de-Grâce;;;;;;;;;;;Dénommée rue de l'Abbé de l'Épée par ordonnance royale du 4 novembre 1846. Actuellement partie de la rue de l'Abbé de l'Epée.;;;;;;;;;
;1236;boulevard;de;Sébastopol Rive Gauche;BOULEVARD DE SEBASTOPOL RIVE GAUCHE;boulevard de Sébastopol Rive Gauche;05e, 06e;;1867-02-26;;Monnaie, Odéon, Sorbonne, Val-de-Grâce;;;;;;;;;;;Dénommé boulevard Saint-Michel par arrêté préfectoral du 26 février 1867.;;;;;;;;;
;2338;rue;du;Puits Qui Parle;RUE DU PUITS QUI PARLE;rue du Puits Qui Parle;05e;;1867-02-27;;Val-de-Grâce;;;;;;;;;;;Dénommée rue Amyot par décret impérial du 27 février 1867.;;;;;;;;;
;2341;rue;du;Puits de la Ville;RUE DU PUITS DE LA VILLE;rue du Puits de la Ville;05e;;;;Val-de-Grâce;;;;;;;;;;;Supprimée. Elle formait le prolongement du cul-de-sac ou rue des Vignes (Actuellement partie de la rue Rataud) jusqu'à la rue des Marionnettes (Supprimé.). Sauval la nomme : rue de l'Orme ou du Puits de la Ville.;;;;;;;;;
;2343;rue;du;Puits de Fer;RUE DU PUITS DE FER;rue du Puits de Fer;05e;;;;Saint-Victor;;;;;;;;;;;Actuellement rue Rollin et rue de Navarre.;;;;;;;;;
;2736;rue;;Pierre Nicole Prolongée;RUE PIERRE NICOLE PROLONGEE;rue Pierre Nicole Prolongée;05e;;1925-06-18;;Val-de-Grâce;;;;;;;;;;;Dénommée partie de la rue Pierre Nicole par arrêté préfectoral du 18 juin 1925.;;;;;"Pierre Nicole (1625-1695), théologien de Port-Royal français ; voisinage de l'ancienne communauté de Port-Royal.";;;;Ouverte en 1908
;4036;rue;des;Mathurins Saint-Jacques;RUE DES MATHURINS SAINT-JACQUES;rue des Mathurins Saint-Jacques;05e;;1867-02-27;;Sorbonne;;;;;;;;;;;Dénommée rue Du Sommerard par décret impérial du 27 février 1867. Actuellement partie de la rue Du Sommerard.;;;;;;;;;
;7108;rue;;Chartière;RUE CHARTIERE;rue Chartière;05e;;1885-10-21;;Sorbonne;;;;;;;;;;;Dénommée impasse Chartière par arrêté préfectoral du 21 octobre 1885. La rue Chartière a été convertie en impasse par suite de la suppression de la rue de Reims (décret du 26 juillet 1880). Elle avait été créée vers le milieu du XIIe siècle et avait été dénommée : rue de la Charterie ou de la Charreterie (XIIIe siècle), Charretière ou de la Charrière (XIVe siècle), de la Chartrière et des Charrettes;;;;;Emmeline la Charretière, propriétaire, avait cédé en 1254 deux maisons de la rue au collège des Bons Enfants d'Arras.;;;;
19;5350;place;;Gerson;PLACE GERSON;place Gerson;05e;1864-08-24;1882-02-16;;Sorbonne;;;;;entre la rue Saint-Jacques et la rue Gerson (supprimée).;;;;;;Englobée dans la Sorbonne en 1882.;Décret impérial du 24 août 1864. Précédemment place du Collège Louis le Grand.;;;;;;;;
;6093;rue;des;Écrivains;RUE DES ECRIVAINS;rue des Écrivains;05e;;;;Sorbonne;;;;;;;;;;;Actuellement rue de la Parcheminerie.;;;;;;;;;
;6806;rue;;Clopin;RUE CLOPIN;rue Clopin;05e;;1928-03-26;;Saint-Victor;;48;;;rue du Cardinal Lemoine, 50;rue d'Arras, 29;;;Ordonnance royale du 2 décembre 1829;;Dénommée rue Alfred Cornu (supprimée) par arrêté préfectoral du 26 mars 1928. Une partie de la rue avait été supprimée par le décret du 7 février 1809 réunissant les collèges de Boncourt et de Navarre affectés à l'école Polytechnique.;;;;;Doit son nom à une maison dite Maison Clopin (XIIIe siècle).;Ordonnance royale du 27 octobre 1845, partie formant impasse au-delà de la rue d'Arras.;;;
;5611;rue;des;Fossés Saint-Marcel;RUE DES FOSSES SAINT-MARCEL;rue des Fossés Saint-Marcel;05e;;;;Sorbonne, Val-de-Grâce;;;;;;;;;;;Actuellement rue de l'Estrapade.;;;;;;;;;
;571;rue;;Vieille Notre-Dame;RUE VIEILLE NOTRE-DAME;rue Vieille Notre-Dame;05e;;;;Jardin des Plantes;;;;;;;;;;;Actuellement partie de la rue Censier.;;;;;;;;;
;3414;rue;;Neuve Saint-Étienne;RUE NEUVE SAINT-ETIENNE;rue Neuve Saint-Étienne;05e;;;;Saint-Victor;;;;;;;;;;;Actuellement rues Rollin et de Navarre.;;;;;;;;;
;4598;voie;;J/5;VOIE J/5;voie J/5;05e;;1979-12-31;;Jardin des Plantes;;;;;rue Poliveau, 24 bis.;;;;;;Supprimée en 1979.;;;;;;;;;
;5578;rue;de;Fourcy;RUE DE FOURCY;rue de Fourcy;05e;;1865-10-02;;Sorbonne;;;;;;;;;;;Dénommée partie de la rue Thouin par décret impérial du 2 octobre 1865.;;;;;;;;;
19;3293;rue;des;Noyers;RUE DES NOYERS;rue des Noyers;05e;1851-05-10;1893-12-26;;Sorbonne;;;;;;;;;;;"Dénommée partie du boulevard Saint-Germain par arrêté préfectoral du 26 décembre 1893.
Supprimée par l'ouverture du boulevard Saint-Germain. Elle commençait place Maubert et finissait rue Saint-Jacques. En 1348, on lui avait donné le nom de rue Saint-Yves qu'elle porta peu de temps.";Arrêté préfectoral du 10 mai 1851, réunion de la rue du Foin à la rue des Noyers;;;;;;;;
19;3355;rue;;Nicole;RUE NICOLE;rue Nicole;05e;1868-08-10;1904-04-05;;Val-de-Grâce;;;;;;;;;;;Dénommée rue Pierre Nicole par arrêté préfectoral du 5 avril 1904.;Décret impérial du 10 août 1868.;;;;"Pierre Nicole (1625-1695), théologien de Port-Royal français ; voisinage de l'ancienne communauté de Port-Royal.";;;;Ouverte en 1864.
;3370;rue;;Neuve Sainte-Geneviève;RUE NEUVE SAINTE-GENEVIEVE;rue Neuve Sainte-Geneviève;05e;;1864-08-24;;Val-de-Grâce;;;;;;;;;;;Dénommée rue Tournefort par décret  impérial du 24 août 1864. Actuellement rue Tournefort et partie de la place Lucien Herr.;;;;;;;;;
;1372;rue;;Sainte-Geneviève du Mont;RUE SAINTE-GENEVIEVE DU MONT;rue Sainte-Geneviève du Mont;05e;;;;Saint-Victor, Sorbonne;;;;;;;;;;;Actuellement rue de la Montagne Sainte-Geneviève.;;;;;;;;;
;4304;voie;;L/5;VOIE L/5;voie L/5;05e;;1978-08-30;;Jardin des Plantes;;;;;;;;;;;Dénommée rue du Père Teilhard de Chardin par arrêté municipal du 30 août 1978.;;;;;;;;;
;4488;passage;du;Lavoir;PASSAGE DU LAVOIR;passage du Lavoir;05e;;;;Jardin des Plantes;;;;;;;;;;;Supprimé par l'ouverture de la rue Monge. Commençait rue Gracieuse et finissait rue du Marché des Patriarches.;;;;;;;;;
;5183;rue;du;Gril Fleuri;RUE DU GRIL FLEURI;rue du Gril Fleuri;05e;;;;Jardin des Plantes;;;;;;;;;;;Actuellement rue du Gril.;;;;;;;;;
;913;rue;;Traversine;RUE TRAVERSINE;rue Traversine;05e;;;;Saint-Victor;;;;;;;;;;;Supprimée par l'ouverture de la rue des Ecoles. Elle commençait rue d'Arras et finissait rue de la Montagne Sainte-Geneviève. Guillot la nomme Traversaine. Plus tard on l'appela Traversière et enfin Traversine. Voir : Suce Raisin (rue ou ruelle).;;;;;;;;;
;3812;rue;de la;Montagne;RUE DE LA MONTAGNE;rue de la Montagne;05e;;;;Saint-Victor, Sorbonne;;;;;;;;;;;Actuellement rue de la Montagne Sainte-Geneviève.;;;;;;;;;
;1450;rue;;Saint-Thomas d'Enfer;RUE SAINT-THOMAS D'ENFER;rue Saint-Thomas d'Enfer;05e;;;;Sorbonne, Val-de-Grâce;;;;;;;;;;;Dénommée rue Malebranche par décret impérial du 27 février 1867 (entre les rues Le Goff et Paillet). Le surplus a été supprimé. Elle s'étendait entre la rue Saint-Hyacinthe (Supprimé.) et la rue d'Enfer (englobée dans le boulevard Saint-Michel).;;;;;;;;;
;1443;place;;Saint-Victor;PLACE SAINT-VICTOR;place Saint-Victor;05e;;1867-02-26;;Saint-Victor;;;;;;;;;;;Dénommée place Jussieu par arrêté préfectoral du 26 février 1867.;;;;;;;;;
;1656;rue;;Saint-Jean de Beauvais;RUE SAINT-JEAN DE BEAUVAIS;rue Saint-Jean de Beauvais;05e;;;;Sorbonne;;;;;;;;;;;Actuellement rue Jean de Beauvais.;;;;;;;;;
20;2171;quai;;René Viviani;QUAI RENE VIVIANI;quai René Viviani;05e;1928-06-18;1929-01-31;;Sorbonne;;;;;;;;;;;Dénommé quai Saint-Michel par arrêté préfectoral du 31 janvier 1929.;Arrêté préfectoral du 18 juin 1928 Précédemment quai Saint-Michel.;;;;René Viviani (1863-1925), homme politique;;;;
;2474;rue;des;Poteries;RUE DES POTERIES;rue des Poteries;05e;;;;Val-de-Grâce;;;;;;;;;;;Ou Pots. Actuellement rue Lhomond et partie de la place Lucien Herr.;;;;;;;;;
;5086;place;de la;Halle aux Veaux;PLACE DE LA HALLE AUX VEAUX;place de la Halle aux Veaux;05e;;;;Saint-Victor;;;;;;;;;;;Supprimée par l'ouverture du boul. Saint-Germain. Elle était située entre les rues de Pontoise et de Poissy et longeait les deux grands côtés de la Halle aux Veaux. La partie située au nord de cette halle a formé la rue Cochin.;;;;;;;;;
;8566;rue;d';Amboise;RUE D'AMBOISE;rue d'Amboise;05e;;;;Saint-Victor, Sorbonne;;;;;;;;;;;Actuellement partie de la rue du Haut Pavé.;;;;;;;;;
;4494;rue;des;Lavandières;RUE DES LAVANDIERES;rue des Lavandières;05e;;;;Sorbonne;;;;;;;;;;;Ou Lavandières de la Place Maubert ou encore Lavandières Saint-Jacques. Supprimée par l'ouverture du boulevard Saint-Germain et par l'ouverture de la rue Lagrange. Elle allait de la place Maubert à la rue des Noyers. Cette voie était bordée de constructions vers 1230.;;;;;;;;;
;3477;rue;;Neuve des Boulangers;RUE NEUVE DES BOULANGERS;rue Neuve des Boulangers;05e;;;;Saint-Victor;;;;;;;;;;;Actuellement rue des Boulangers.;;;;;;;;;
;3220;passage;d';Orléans;PASSAGE D'ORLEANS;passage d'Orléans;05e;;;;Jardin des Plantes;;;;;;;;;;;Supprimé par l'ouverture de la rue Monge. Il commençait rue Daubenton et finissait rue Gracieuse.;;;;;;;;;
;3525;rue;;Neuve d'Orléans;RUE NEUVE D'ORLEANS;rue Neuve d'Orléans;05e;;;;Jardin des Plantes;;;;;;;;;;;Actuellement rue Daubenton.;;;;;;;;;
;5500;place;;Fromentel;PLACE FROMENTEL;place Fromentel;05e;;;;Sorbonne;;;;;;;;;;;Supprimée. Elle était comprise entre la rue Fromentel (Supprimé.) et l'ancienne rue du Cimetière Saint-Benoît.;;;;;;;;;
;5607;rue;des;Fossés Saint-Victor;RUE DES FOSSES SAINT-VICTOR;rue des Fossés Saint-Victor;05e;;1868-04-02;;Saint-Victor;;;;;;;;;;;Dénommée partie de la rue du Cardinal Lemoine par arrêté préfectoral du 2 avril 1868. Le tronçon entre la rue de la Contrescarpe et les rues Descartes et Mouffetard a été dénommée partie de la rue Thouin par décret impérial du 2 octobre 1865.;;;;;;;;;
;6650;rue;de la;Contrescarpe Saint-Marcel;RUE DE LA CONTRESCARPE SAINT-MARCEL;rue de la Contrescarpe Saint-Marcel;05e;;1868-04-02;;Saint-Victor, Sorbonne, Val-de-Grâce;;;;;;;;;;;Dénommée partie de la rue du Cardinal Lemoine par arrêté préfectoral du 2 avril 1868. Le tronçon entre la rue Tournefort et la rue Mouffetard a été dénommé rue Blainville par décret impérial du 2 octobre 1865.;;;Dite aussi rue de la Contrescarpe et rue de la Contrescarpe Sainte-Geneviève.;;;;;;
;6663;passerelle;de;Constantine;PASSERELLE DE CONSTANTINE;passerelle de Constantine;04e, 05e;;;;Notre-Dame, Saint-Victor;;;;;;;;;;;Supprimé. Elle était située à l'extrémité orientale de l'île Saint-Louis, entre le quai de Béthune et le quai Saint-Bernard.;;;;;;;;;
19;365;rue;;Zacharie;RUE ZACHARIE;rue Zacharie;05e;1851-05-10;1929-01-22;;Sorbonne;;;;;;;;;;;Dénommée rue Xavier Privas par arrêté préfectoral du 22 janvier 1929.;Arrêté préfectoral du 10 mai 1851, réunion de la rue des Trois Chandeliers à la rue Zacharie.;;;;;;;;
;3229;rue;;Orillon;RUE ORILLON;rue Orillon;05e;;;;Sorbonne;;;;;;;;;;;Actuellement partie de la rue Xavier Privas.;;;;;;;;;
19;5667;rue;;Fontanes;RUE FONTANES;rue Fontanes;05e;1858-08-28;1879-08-16;;Sorbonne;;;;;;;;;;;Dénommée rue de Cluny par arrêté préfectoral du 16 août 1879.;Décret impérial du 28 août 1858.;;;;;;;;
;7386;rue;des;Carrières;RUE DES CARRIERES;rue des Carrières;05e;;;;Jardin des Plantes;;;;;;;;;;;Actuellement rue Poliveau.;;;;;;;;;
;15362;;;Petit Pont;PETIT PONT;Petit Pont;04e, 05e;;2013-06-11;;Notre-Dame, Sorbonne;;;;;quais de Montebello et Saint-Michel, au droit de la place du Petit Pont.;quai du Marché Neuf, au droit de la rue de la Cité.;;;;;Dénommé Petit Pont - Cardinal Lustiger par délibération municipale des 10 et 11 juin 2013. L'un des trois premiers ponts de Paris. Il a été détruit plusieurs fois.;;Arrêté ministériel du 22 juillet 1988, dans la voirie parisienne;;;Pont sur le petit bras de la Seine, par opposition au Grand Pont, devenu Pont au Change.;;;;Reconstruit, en dernier lieu, en 1853.
19;15613;rue;;Fontanes;RUE FONTANES;rue Fontanes;05e;1846-06-18;;;Sorbonne;;;;;;;;;;;;Ordonnance royale du 18 juin 1846. Précédemment rue Neuve des Poirées.;;;;;;;;
;968;rue;de;Touraine;RUE DE TOURAINE;rue de Touraine;05e;;;;Saint-Victor;;300;20;;grand préau.;préau des Eaux de Vie.;;;;;Supprimé en 1967 lors de la construction de la faculté des Sciences de la Halle aux Vins. Voie située dans la Halle aux vins.;;;;;Province vignoble de France;;;;
;1770;rue;;Saint-Dominique d'Enfer;RUE SAINT-DOMINIQUE D'ENFER;rue Saint-Dominique d'Enfer;05e;;1846-06-18;;Val-de-Grâce;;;;;;;;;;;Dénommée rue Royer-Collard par Ordonnance du 18 juin 1846.;;;;;;;;;
;2236;rue;des;Rats;RUE DES RATS;rue des Rats;05e;;;;Sorbonne;;;;;;;;;;;Actuellement partie de la rue de l'Hôtel Colbert.;;;;;;;;;
;2519;rue;de la;Porte de l'Arbalète;RUE DE LA PORTE DE L'ARBALETE;rue de la Porte de l'Arbalète;05e;;;;Val-de-Grâce;;;;;;;;;;;Actuellement partie de la rue de l'Arbalète.;;;;;;;;;
;2668;rue;du;Plâtre Saint-Jacques;RUE DU PLATRE SAINT-JACQUES;rue du Plâtre Saint-Jacques;05e;;1864-08-24;;Sorbonne;;;;;;;;;;;Dénommée rue Domat par décret impérial du 24 août 1864.;;;Dite aussi rue du Plâtre ou encore rue de la Plâtrerie.;;;;;;
;2782;impasse;de la;Photographie;IMPASSE DE LA PHOTOGRAPHIE;impasse de la Photographie;05e;;1962-06-04;;Jardin des Plantes;;86;5,5;;rue Monge, 119.;;;;;;Dénommée square Adanson par arrêté préfectoral du 4 juin 1962;;;;;Voisinage d'un ancien atelier de photographe.;;;;Ouverte par la ville de Paris lors du percement de la rue Monge
;7241;rue;de;Champagne;RUE DE CHAMPAGNE;rue de Champagne;05e;;1967-12-31;;Saint-Victor;;;;;;;;;;;Supprimé en 1967 lors de la construction de la Faculté des Sciences de la Halle aux vins.;;;;;;;;;
;5989;rue;d';Enfer;RUE D'ENFER;rue d'Enfer;05e, 06e, 14e;;1878-07-30;;Montparnasse, Odéon, Val-de-Grâce;;;;;;;;;;;"Dénommée rue Denfert-Rochereau par décret présidentiel du 30 juillet 1878. 
Actuellement rue Henri Barbusse, avenue Denfert-Rochereau et partie du boulevard Saint-Michel. Précédemment chemin de Vanves à Paris, chemin d'Issy, chemin de Venves, rue de Vauvert, rue de la Porte Gibart, rue des Chartreux, rue Saint-Michel et rue du Faubourg Saint-Michel.";;;;;;;;;
19;5515;rue;;Fresnel;RUE FRESNEL;rue Fresnel;05e;1864-08-24;;;Saint-Victor;;;;;;;;;;;Supprimée par l'ouverture de la rue Monge. Elle commençait rue Saint-Victor et finissait rue Traversine (Supprimé.). Elle était dénommée avant 1864 rue de Versailles. Guillot l'appelle Verseille. On l'a quelquefois désignée sous le nom de rue des Bons Enfants.;Décret impérial du 24 août 1864.;;;;;;;;
;4136;passage;du;Marché des Patriarches;PASSAGE DU MARCHE DES PATRIARCHES;passage du Marché des Patriarches;05e;;;;Jardin des Plantes;;;;;;;;;;;Supprimé. Il conduisait de la rue Daubenton à la rue Mouffetard en traversant le marché des Patriarches.;;;;;;;;;
;7166;rue;des;Charbonniers;RUE DES CHARBONNIERS;rue des Charbonniers;05e;;;;Val-de-Grâce;;;;;;;;;;;Actuellement partie de la rue Berthollet.;;;;;;;;;
;366;passage;;Zacharie;PASSAGE ZACHARIE;passage Zacharie;05e;;;;Sorbonne;;;;;;;;;;;Supprimé. Il allait de la rue Zacharie à la rue Saint-Séverin. On l'a appelé pas. Saint-Séverin.;;;;;;;;;
19;613;rue;;Victor de Lanneau;RUE VICTOR DE LANNEAU;rue Victor de Lanneau;05e;1877-11-10;1880-07-26;;Sorbonne;;;;;;;;;;;Supprimée par décret du 26 juillet 1880. Elle commençait rue des Sept Voies (Actuellement rue Valette) et finissait rue d'Ecosse. En 1300, rue du Petit Four et rue du Petit Four Saint-Ylaire. Puis rue du Four Saint-Jacques.;Décret présidentiel du 10 novembre 1877.;;;;Pierre Antoine Victor de Lanneau (1758-1830), éducateur religieux théatin français, fondateur du collège de Sainte-Barbe.;;;;
;3389;rue;;Neuve Saint-Médard;RUE NEUVE SAINT-MEDARD;rue Neuve Saint-Médard;05e;;1877-02-01;;Jardin des Plantes;;;;;;;;;;;Dénommée rue Saint-Médard par arrêté préfectoral du 1er février 1877.;;;;;;;;;
;8523;rue;des;Anglais;RUE DES ANGLAIS;rue des Anglais;05e;;;;Saint-Victor;;;;;;;;;;;Voir : Alfred Cornu (rue).;;;;;;;;;
;7449;place;de;Cambrai;PLACE DE CAMBRAI;place de Cambrai;05e;;1877-02-01;;Sorbonne;;;;;;;;;;;Dénommée place du Collège de France par arrêté préfectoral du 1er février 1877. Actuellement partie de la place Marcelin Berthelot.;;;;;;;;;
;7704;rue;des;Boucheries;RUE DES BOUCHERIES;rue des Boucheries;05e;;;;Saint-Victor, Sorbonne;;;;;;;;;;;Actuellement rue de la Montagne Sainte-Geneviève.;;;;;;;;;
;740;passage;de;Valence;PASSAGE DE VALENCE;passage de Valence;05e;;1844-01-15;;Jardin des Plantes;;;;;;;;;;;Devenu rue de Valence après son élargissement par ordonnance royale du 15 janvier 1844.;;;;;;;;;
;1220;rue;de;Seine Saint-Victor;RUE DE SEINE SAINT-VICTOR;rue de Seine Saint-Victor;05e;;1838-11-08;;Jardin des Plantes, Saint-Victor;;;;;;;;;;;Dénommée rue Cuvier par décision royale du 8 novembre 1838.;;;;;;;;;
;4154;avenue;du;Marché aux Chevaux;AVENUE DU MARCHE AUX CHEVAUX;avenue du Marché aux Chevaux;05e, 13e;;;;Jardin des Plantes, Salpêtrière;;;;;;;;;;;Supprimée par l'ouverture du boulevard Saint-Marcel. Elle traversait l'ancien marché aux chevaux.;;;Dite aussi place du Marché aux Chevaux;;;;;;
;1687;rue;;Saint-Hyacinthe Saint-Michel;RUE SAINT-HYACINTHE SAINT-MICHEL;rue Saint-Hyacinthe Saint-Michel;05e;;1864-08-24;;Sorbonne, Val-de-Grâce;;;;;place Saint-Michel (Supprimée).;rue Saint-Jacques;;;;;Dénommée rue Paillet par décret impérial du 24 août 1864. Actuellement partie de la rue Malebranche.;;;;;;;;;
;4799;pont;du;Jardin du Roi;PONT DU JARDIN DU ROI;pont du Jardin du Roi;05e, 12e, 13e;;;;Jardin des Plantes, Quinze-Vingts, Salpêtrière;;;;;;;;;;;Actuellement pont d'Austerlitz.;;;;;;;;;
19;6745;place;du;Collège de France;PLACE DU COLLEGE DE FRANCE;place du Collège de France;05e;1877-02-01;1907-04-19;;Sorbonne;;;;;;;;;;;Dénommée place Marcelin Berthelot par arrêté préfectoral du 19 avril 1907 approuvé par décret du 27 avril 1907. Précédemment place de Cambrai;Arrêté préfectoral du 1er février 1877;;;;;;;;
19;6763;rue;;Cochin;RUE COCHIN;rue Cochin;05e, 13e;1846-11-04;;;Croulebarbe, Val-de-Grâce;;;;;rue Pascal.;rue de Lourcine (rue Broca);;;;;Supprimée par l'ouverture du boulevard de Port-Royal.;Ordonnance royale du 4 novembre 1846;;;;;;;;
;6649;rue;de la;Contrescarpe Sainte-Geneviève;RUE DE LA CONTRESCARPE SAINTE-GENEVIEVE;rue de la Contrescarpe Sainte-Geneviève;05e;;;;Sorbonne, Val-de-Grâce;;;;;;;;;;;Actuellement rue Blainville.;;;;;;;;;
;6936;grand'rue;près du;Chevet de l'Église Saint-Séverin;GRAND'RUE PRES DU CHEVET DE L'EGLISE SAINT-SEVERIN;grand'rue près du Chevet de l'Église Saint-Séverin;05e;;;;Sorbonne;;;;;;;;;;;Actuellement rue Saint-Jacques.;;;;;;;;;
;8346;ruelle;;Augustin dite des Trois Portes;RUELLE AUGUSTIN DITE DES TROIS PORTES;ruelle Augustin dite des Trois Portes;05e;;;;Sorbonne;;;;;;;;;;;Devenue rue Jacinthe (supprimée par l'ouverture de la rue Lagrange). Au XIVe siècle, c'était une ruelle nommée Augustin dite des Trois Portes. On la confondait alors avec la rue des Trois Portes.;;;;;;;;;
;1204;rue;des;Sept Voies;RUE DES SEPT VOIES;rue des Sept Voies;05e;;1879-08-16;;Sorbonne;;;;;;;;;;;Dénommée rue Valette par arrêté préfectoral du 16 août 1879.;;;;;;;;;
;1247;rue;de;Savoie;RUE DE SAVOIE;rue de Savoie;05e;;;;Sorbonne;;;;;;;;;;;Actuellement rue Valette.;;;;;;;;;
;1256;rue;des;Saussaies;RUE DES SAUSSAIES;rue des Saussaies;05e;;;;Jardin des Plantes;;;;;;;;;;;Actuellement rue Poliveau.;;;;;;;;;
;2038;rue;des;Rosiers;RUE DES ROSIERS;rue des Rosiers;05e;;;;Val-de-Grâce;;;;;;;;;;;Actuellement rue Amyot.;;;;;;;;;
;2410;rue;des;Prêtres Saint-Étienne du Mont;RUE DES PRETRES SAINT-ETIENNE DU MONT;rue des Prêtres Saint-Étienne du Mont;05e;;1867-02-26;;Sorbonne;;;;;;;;;;;Dénommée rue Saint-Etienne du Mont par arrêté préfectoral du 26 février 1867.;;;;;;;;;
;4800;cul-de-sac ou rue;du;Jardin du Roi;CUL-DE-SAC OU RUE DU JARDIN DU ROI;cul-de-sac ou rue du Jardin du Roi;05e;;;;Jardin des Plantes;;;;;;;;;;;Supprimé pour l'agrandissement du Jardin des Plantes. Il a porté le nom de cul-de-sac du Cochon.;;;;;;;;;
;6813;rue;du;Cloître Saint-Benoît;RUE DU CLOITRE SAINT-BENOIT;rue du Cloître Saint-Benoît;05e;;1855-08-11;;Sorbonne;;;;;rue des Mathurins;;;;;;Supprimée par l'ouverture du boulevard Saint-Germain. Elle commençait rue des Mathurins et finissait passage Saint-Benoît. En 1243 vicus Androe de Macolio. En 1254 rue André Machel. Ce nom a été souvent changé : Machel, Mathel, Matholio, Macolio, Marolio.;;;;;;;;;
15;6246;rue;des;Deux Portes Saint-André;RUE DES DEUX PORTES SAINT-ANDRE;rue des Deux Portes Saint-André;05e, 06e;1450-01-01;1866-07-28;;Monnaie, Sorbonne;;;;;;;;;;;Supprimée par l'ouverture du boulevard Saint-Michel. Elle commençait rue de la Harpe et finissait rue Hautefeuille. Elle portait ce nom dès l'année 1450.;;;;;;;;;
;3642;rue;de la;Muette;RUE DE LA MUETTE;rue de la Muette;05e;;;;Jardin des Plantes;;;;;;;;;;;Actuellement partie de la rue du Fer à Moulin. Précédemment, rue des Morts. Elle était comprise entre les rues des Fossés Saint-Marcel et de la Clef.;;;;;;;;;
;6534;rue;;Courcelle-Seneuil;RUE COURCELLE-SENEUIL;rue Courcelle-Seneuil;05e;;1944-12-18;;Val-de-Grâce;;;;;;;;;;;Dénommée rue Pierre Brossolette par arrêté préfectoral du 18 décembre 1944.;Arrêté préfectoral du 7 décembre 1900.;;;;;;;;
;7758;rue;du;Bon Puits;RUE DU BON PUITS;rue du Bon Puits;05e;;;;Saint-Victor;;;;;;;;;;;Supprimée par l'ouverture de la rue Monge. Elle commençait rue Saint-Victor et finissait rue Traversine (Supprimé.). En 1540, on la nommait rue de la Fortune. Dans un arrêt de 1639, elle fut appelée rue du Bon Pays, Jaillot pense que c'est une erreur.;;;;;;;;;
;1001;rue;;Tiron;RUE TIRON;rue Tiron;05e;;;;Saint-Victor;;;;;;;;;;;Actuellement rue Rollin et rue de Navarre.;;;;;;;;;
;773;cul-de-sac;des;Ursulines;CUL-DE-SAC DES URSULINES;cul-de-sac des Ursulines;05e;;;;Val-de-Grâce;;;;;;;;;;;Il a été absorbé par la rue des Ursulines.;;;;;;;;;
;1773;cul-de-sac;;Saint-Dominique;CUL-DE-SAC SAINT-DOMINIQUE;cul-de-sac Saint-Dominique;05e;;1867-02-26;;Val-de-Grâce;;;;;;;;;;;Dénommé impasse Royer-Collard par arrêté préfectoral du 26 février 1867.;;;;;;;;;
;5916;rue;de l';Est;RUE DE L'EST;rue de l'Est;05e, 06e;;;;Odéon, Val-de-Grâce;;;;;;;;;;;A été englobée par le boulevard Saint-Michel. Elle longeait à l'est le jardin du Luxembourg, entre la rue Denfert-Rochereau (Actuellement rue Henri Barbusse) et le carrefour de l'Observatoire. On l'avait d'abord nommée rue du Levant.;;;;;;;;;
19;5349;rue;;Gerson;RUE GERSON;rue Gerson;05e;1864-08-24;1882-02-16;;Sorbonne;;;;;place Gerson (supprimée).;rue Victor Cousin;;;;;Englobée dans la Sorbonne en 1882.;Décret impérial du 24 août 1864. Précédemment rue des Poirées.;;;;;;;;
;6054;rue par où l'on va de l';;Église Sainte-Geneviève à Celle de Saint-Étienne;RUE PAR OU L'ON VA DE L' EGLISE SAINTE-GENEVIEVE A CELLE DE SAINT-ETIENNE;rue par où l'on va de l' Église Sainte-Geneviève à Celle de Saint-Étienne;05e;;;;Sorbonne;;;;;;;;;;;Actuellement partie de la rue Cujas.;;;;;;;;;
;6131;préau;des;Eaux de Vie;PREAU DES EAUX DE VIE;préau des Eaux de Vie;05e;;1967-12-31;;Saint-Victor;;355;20;;rue de Graves;rue de Touraine;;;;;Supprimé en 1967 lors de la construction de la Faculté des Sciences.;;;;;Voie située dans la Halle aux vins.;;;;
;5582;rue;du;Four Saint-Jacques;RUE DU FOUR SAINT-JACQUES;rue du Four Saint-Jacques;05e;;1877-11-10;;Sorbonne;;;;;;;;;;;Dénommée rue Victor de Lanneau (supprimée) par décret présidentiel du 10 novembre 1877. Elle commençait rue des Sept Voies (Actuellement rue Valette) et finissait rue d'Ecosse. En 1300, rue du Petit Four et rue du Petit Four Saint-Ylaire.;;;;;;;;;
;1704;ruelle;;Saint-Hilaire;RUELLE SAINT-HILAIRE;ruelle Saint-Hilaire;05e;;;;Sorbonne;;;;;;;;;;;Actuellement impasse Bouvart.;;;;;;;;;
;2635;rue;des;Poirées;RUE DES POIREES;rue des Poirées;05e;;;;Sorbonne;;;;;;;;;;;Actuellement rue du Cimetière Saint-Benoît.;;;;;;;;;
19;2711;rue;de la;Pitié;RUE DE LA PITIE;rue de la Pitié;05e;1867-02-26;1918-12-31;;Jardin des Plantes;;;;;;;;;;;Dénnomée partie de la rue Larrey par délibération municipale du 31 décembre 1918. Précédemment rue de la Fontaine;Arrêté préfectoral du 26 février 1867;;;;;;;;
;3485;rue;;Neuve de Richelieu;RUE NEUVE DE RICHELIEU;rue Neuve de Richelieu;05e;;;;Sorbonne;;;;;;;;;;;Supprimée par l'ouverture du boulevard Saint-Michel et d'une partie de la place de la Sorbonne. Elle commençait place de la Sorbonne et finissait rue de la Harpe. Elle avait été percée en 1639 et quelquefois désignée sous les noms de rue des Trésoriers et de rue de Sorbonne. En 1793, on l'appela rue Chalier.;;;;;;;;;
;678;place;aux;Veaux;PLACE AUX VEAUX;place aux Veaux;05e;;;;Saint-Victor;;;;;;;;;;;Supprimée par l'ouverture du boulevard Saint-Germain. Elle était située entre les rues de Pontoise et de Poissy et longeait les deux grands côtés de la Halle aux Veaux. La partie située au nord de cette halle a formé la rue Cochin.;;;;;;;;;
;15612;rue;;Neuve des Poirées;RUE NEUVE DES POIREES;rue Neuve des Poirées;05e;;;;Sorbonne;;;;;;;;;;;Dénommée rue Fontanes par ordonnance royale du 18 juin 1846;;;;;;;;;
;835;rue;des;Trois Portes;RUE DES TROIS PORTES;rue des Trois Portes;05e;;;;Sorbonne;;;;;;;;;;;Devenue rue Jacinthe (supprimée par l'ouverture de la rue Lagrange). Au XIVe siècle, c'était une ruelle nommée Augustin dite des Trois Portes.;;;;;;;;;
;864;rue;des;Trois Canettes;RUE DES TROIS CANETTES;rue des Trois Canettes;05e;;1767-12-31;;Sorbonne;;;;;;;;;;;Petite rue qui descendait de la rue de la Huchette à la rivière. Elle fut supprimée en 1767. Elle avait porté le nom de rue du Harpeur.;;;;;;;;;
;885;rue;;Triperet;RUE TRIPERET;rue Triperet;05e;;1867-02-26;;Jardin des Plantes;;;;;;;;;;;Englobée dans la place Monge. Elle commençait rue de la Clef et finissait rue Gracieuse. Ce nom a souvent changé : on a écrit successivement Tripelle, Tripellé, Tripolet, Tripette, Tripotte, Tripet, Trippelet et Triperet.;;;;;;;;;
;1378;rue;;Sainte-Geneviève;RUE SAINTE-GENEVIEVE;rue Sainte-Geneviève;05e;;;;Saint-Victor, Sorbonne;;;;;;;;;;;Actuellement rue de la Montagne Sainte-Geneviève.;;;;;;;;;
;2592;rue;du;Pont aux Biches;RUE DU PONT AUX BICHES;rue du Pont aux Biches;05e;;1868-04-02;;Jardin des Plantes;;;;;;;;;;;Dénommée partie de la rue de la Clef par arrêté préfectoral du 2 avril 1868.;;;Dite aussi rue du Pont aux Biches Saint-Marcel;;;;;;
;2667;rue;de la;Plâtrerie;RUE DE LA PLATRERIE;rue de la Plâtrerie;05e;;1864-08-24;;Sorbonne;;;;;;;;;;;Dénommée rue Domat par décret impérial du 24 août 1864.;;;Dite aussi rue du Plâtre ou encore rue du Plâtre Saint-Jacques.;;;;;;
;6616;rue;des;Cordelières;RUE DES CORDELIERES;rue des Cordelières;05e, 13e;;;;Croulebarbe, Val-de-Grâce;;;;;;;;;;;Actuellement rues Edouard Quénu, Broca et Léon-Maurice Nordmann.;;;;;;;;;
;6776;passage;;Cluny;PASSAGE CLUNY;passage Cluny;05e;;;;Sorbonne;;;;;;;;;;;Devenu partie de la rue de Cluny. Actuellement partie de la rue Victor Cousin.;;;;;;;;;
;3209;rue;d';Orléans;RUE D'ORLEANS;rue d'Orléans;05e;;1864-08-24;;Jardin des Plantes;;;;;;;;;;;Dénommée rue Daubenton par décret impérial du 24 août 1864.;;;Dite aussi rue d'Orléans Saint-Marcel;;;;;;
